Project,Package,Class,Method,INT-INT,INT-FLOAT,FLOAT-FLOAT,BOOL-BOOL,REF-REF,REF-NULL,VARVAR,VAREXP,VARMETHOD,VARCONST,VARARRAY,EXPEXP,EXPMETHOD,EXPCONST,EXPARRAY,METHODMETHOD,METHODCONST,METHODARRAY,CONSTCONST,CONSTARRAY,ARRAYARRAY
foo,profiling.constraint.bytecode,ByteCodeAnalyser,getCFGs,0.0,0.0,0.0,1.5,0.0,0.0,0.0,0.0,0.0,0.0,0.0,0.0,0.0,0.0,0.0,0.0,1.5,0.0,0.0,0.0,0.0
foo,profiling.constraint.bytecode,ByteCodeAnalyser,init,0.0,0.0,0.0,0.0,0.0,0.0,0.0,0.0,0.0,0.0,0.0,0.0,0.0,0.0,0.0,0.0,0.0,0.0,0.0,0.0,0.0
foo,profiling.constraint.bytecode,ByteCodeAnalyser,getCFG,0.0,0.0,0.0,2.3333333,0.0,0.0,0.0,0.0,0.0,0.0,0.0,0.0,0.0,0.0,0.0,0.0,2.3333333,0.0,0.0,0.0,0.0
foo,profiling.constraint.bytecode,ByteCodeAnalyser,processClass,1.8333334,0.0,0.0,2.3333333,0.0,0.0,0.0,0.8333333,0.0,1.6666666,0.0,0.0,0.0,0.0,0.0,0.0,1.6666666,0.0,0.0,0.0,0.0
foo,profiling.constraint.bytecode,ByteCodeAnalyser,init,0.0,0.0,0.0,0.0,0.0,0.0,0.0,0.0,0.0,0.0,0.0,0.0,0.0,0.0,0.0,0.0,0.0,0.0,0.0,0.0,0.0
foo,profiling.constraint.graph,Node,copy,2.5,0.0,0.0,0.0,0.0,1.0,0.0,0.0,0.0,1.0,0.0,0.0,0.5,0.0,0.0,0.0,2.0,0.0,0.0,0.0,0.0
foo,profiling.constraint.bytecode.instructionhandler,LDCHandler,handle,0.0,0.0,0.0,2.5,0.0,0.0,0.0,0.0,0.0,0.0,0.0,0.0,0.0,0.0,0.0,0.0,2.5,0.0,0.0,0.0,0.0
foo,profiling.constraint.project,Clazz,meanMetricToCSV,0.0,0.0,0.0,1.5,0.0,0.0,0.0,0.0,0.0,0.0,0.0,0.0,0.0,0.0,0.0,0.0,1.5,0.0,0.0,0.0,0.0
foo,profiling.constraint.project,Clazz,printMetricsToFile_byMethod,0.0,0.0,0.0,0.6666667,0.0,0.0,0.0,0.0,0.0,0.0,0.0,0.0,0.0,0.0,0.0,0.0,0.6666667,0.0,0.0,0.0,0.0
foo,profiling.constraint.project,Clazz,calculateMetrics,0.0,0.0,0.0,1.5,0.0,0.0,0.0,0.0,0.0,0.0,0.0,0.0,0.0,0.0,0.0,0.0,1.5,0.0,0.0,0.0,0.0
foo,profiling.constraint.analysis,ConstraintInfoToFile,headProject,1.5,0.0,0.0,0.0,0.0,0.0,0.0,0.0,0.0,0.0,0.0,0.5,0.0,1.0,0.0,0.0,0.0,0.0,0.0,0.0,0.0
foo,profiling.constraint.analysis,ConstraintInfoToFile,headClass,1.5,0.0,0.0,0.0,0.0,0.0,0.0,0.0,0.0,0.0,0.0,0.5,0.0,1.0,0.0,0.0,0.0,0.0,0.0,0.0,0.0
foo,profiling.constraint.analysis,ConstraintInfoToFile,toOneLineString,0.0,0.0,1.0,0.0,0.0,0.0,0.0,0.0,0.0,1.0,0.0,0.0,0.0,0.0,0.0,0.0,22.0,0.0,0.0,0.0,0.0
foo,profiling.constraint.analysis,ConstraintInfoToFile,toOneLineString_short,0.0,0.0,0.0,0.0,0.0,0.0,0.0,0.0,0.0,0.0,0.0,0.0,0.0,0.0,0.0,0.0,10.0,0.0,0.0,0.0,0.0
foo,profiling.constraint.analysis,ConstraintInfoToFile,toPaperString_types,0.0,0.0,0.0,0.0,0.0,0.0,0.0,0.0,0.0,0.0,0.0,0.0,0.0,0.0,0.0,0.0,9.0,0.0,0.0,0.0,0.0
foo,profiling.constraint.analysis,ConstraintInfoToFile,head,1.5,0.0,0.0,0.0,0.0,0.0,0.0,0.0,0.0,0.0,0.0,0.5,0.0,1.0,0.0,0.0,0.0,0.0,0.0,0.0,0.0
foo,profiling.constraint.analysis,ConstraintInfoToFile,toVerboseString,0.0,0.0,1.0,0.0,0.0,0.0,0.0,0.0,0.0,1.0,0.0,0.0,0.0,0.0,0.0,0.0,12.0,0.0,0.0,0.0,0.0
foo,profiling.constraint.analysis,ConstraintInfoToFile,toPaperString_metrics,0.0,0.0,0.0,0.0,0.0,0.0,0.0,0.0,0.0,0.0,0.0,0.0,0.0,0.0,0.0,0.0,2.0,0.0,0.0,0.0,0.0
foo,profiling.constraint.analysis,ConstraintInfoToFile,headMethod,1.5,0.0,0.0,0.0,0.0,0.0,0.0,0.0,0.0,0.0,0.0,0.5,0.0,1.0,0.0,0.0,0.0,0.0,0.0,0.0,0.0
foo,profiling.constraint.graph,CFG,changeNodeLabels,0.0,0.0,0.0,1.5,0.0,0.0,0.0,0.0,0.0,0.0,0.0,0.0,0.0,0.0,0.0,0.0,1.5,0.0,0.0,0.0,0.0
foo,profiling.constraint.graph,CFG,getConstraintCount,0.0,0.0,0.0,3.25,0.0,0.0,0.0,0.0,0.0,0.0,0.0,0.0,0.0,0.0,0.0,0.0,3.25,0.0,0.0,0.0,0.0
foo,profiling.constraint.graph,CFG,getStrNodes,0.0,0.0,0.0,1.5,0.0,0.0,0.0,0.0,0.0,0.0,0.0,0.0,0.0,0.0,0.0,0.0,1.5,0.0,0.0,0.0,0.0
foo,profiling.constraint.graph,CFG,getPlanEdges,7.6666665,0.0,0.0,1.8571428,0.0,0.0,0.0,0.0,0.0,0.0,0.0,0.0,0.5714286,0.0,0.0,0.71428573,6.857143,0.0,1.3809524,0.0,0.0
foo,profiling.constraint.graph,CFG,toString,0.0,0.0,0.0,1.5,0.0,0.0,0.0,0.0,0.0,0.0,0.0,0.0,0.0,0.0,0.0,0.0,1.5,0.0,0.0,0.0,0.0
foo,profiling.constraint.graph,CFG,copy,0.0,0.0,0.0,4.428571,0.0,1.0,0.0,0.0,0.0,1.0,0.0,0.0,0.0,0.0,0.0,0.0,4.428571,0.0,0.0,0.0,0.0
foo,profiling.constraint.graph,CFG,getEdgesFromNode,0.0,0.0,0.0,2.3333333,0.0,0.0,0.0,0.0,0.0,0.0,0.0,0.0,0.0,0.0,0.0,0.0,2.3333333,0.0,0.0,0.0,0.0
foo,profiling.constraint.graph,CFG,changeEdgeLabels,0.0,0.0,0.0,1.5,0.0,0.0,0.0,0.0,0.0,0.0,0.0,0.0,0.0,0.0,0.0,0.0,1.5,0.0,0.0,0.0,0.0
foo,profiling.constraint.bytecode.instructionhandler,LoadHandler,handle,0.0,0.0,0.0,1.0,0.0,0.0,0.0,0.0,0.0,0.0,0.0,0.0,0.0,0.0,0.0,0.0,2.0,0.0,0.0,0.0,0.0
foo,profiling.constraint.graph,JGraphTUtils,computeStronglyConnectedNodes,1.5,0.0,0.0,0.0,0.0,0.0,0.0,0.0,0.0,0.0,0.0,0.0,0.5,0.0,0.0,0.0,1.0,0.0,0.0,0.0,0.0
foo,profiling.constraint.graph,JGraphTUtils,transformIntoDirectedGraph,0.0,0.0,0.0,2.6666667,0.0,0.0,0.0,0.0,0.0,0.0,0.0,0.0,0.0,0.0,0.0,0.0,2.6666667,0.0,0.0,0.0,0.0
foo,profiling.constraint.graph,JGraphTUtils,getInstance,0.0,0.0,0.0,0.0,0.0,1.0,0.0,0.0,0.0,1.0,0.0,0.0,0.0,0.0,0.0,0.0,0.0,0.0,0.0,0.0,0.0
foo,profiling.constraint.graph,JGraphTUtils,getShortestPath,1.2,0.0,0.0,1.0,0.0,0.0,0.0,0.0,0.0,0.0,0.0,0.0,0.0,0.0,0.0,0.0,2.8,0.0,0.4,0.0,0.0
foo,profiling.constraint.analysis,ConstraintSequenceGenerator,getConstraintSequenceElements,1.5714285,0.0,0.0,1.4285715,0.0,1.0,0.0,0.0,0.0,1.0,0.0,0.0,0.71428573,0.0,0.0,0.0,2.2857144,0.0,0.71428573,0.0,0.0
foo,profiling.constraint.analysis,ConstraintSequenceGenerator,applyUpdateOnMethodCall,1.6666666,0.0,0.0,0.6666667,0.0,0.0,0.0,0.0,0.0,0.0,0.0,0.0,0.6666667,0.0,0.0,0.0,1.6666666,0.0,0.0,0.0,0.0
foo,profiling.constraint.analysis,ConstraintSequenceGenerator,replaceConstraint,2.0,0.0,0.0,1.0,0.0,0.0,0.0,0.5,0.0,0.75,0.0,0.0,0.25,0.0,0.0,0.0,1.5,0.0,0.0,0.0,0.0
foo,profiling.constraint.analysis,ConstraintSequenceGenerator,replaceVariable,0.0,0.0,0.0,1.0,0.0,0.0,0.0,0.0,0.0,0.0,0.0,0.0,0.0,0.0,0.0,0.0,1.0,0.0,0.0,0.0,0.0
foo,profiling.constraint.analysis,ConstraintSequenceGenerator,replaceExpression,1.6666666,0.0,0.0,0.6666667,0.0,0.0,0.0,0.0,0.0,0.0,0.0,0.0,0.0,1.6666666,0.0,0.0,0.6666667,0.0,0.0,0.0,0.0
foo,profiling.constraint.analysis,ConstraintSequenceGenerator,applyUpdateOnVariable,0.0,0.0,0.0,1.25,0.0,0.0,0.0,0.0,0.0,0.0,0.0,0.0,0.0,0.0,0.0,0.0,2.25,0.0,0.0,0.0,0.0
foo,profiling.constraint.analysis,ConstraintSequenceGenerator,applyUpdate,0.54545456,0.0,0.0,5.3636365,0.0,0.0,0.0,0.0,0.0,1.0909091,0.0,0.0,0.13636364,0.0,0.0,0.0,4.8636365,0.0,0.18181819,0.0,0.0
foo,profiling.constraint.analysis,ConstraintSequenceGenerator,replaceArrayElement,0.0,0.0,0.0,1.0,0.0,0.0,0.0,0.0,0.0,0.0,0.0,0.0,0.0,0.0,0.0,0.0,1.0,0.0,0.0,0.0,0.0
foo,profiling.constraint.analysis,ConstraintSequenceGenerator,replaceStaticClass,0.0,0.0,0.0,1.0,0.0,0.0,0.0,0.0,0.0,0.0,0.0,0.0,0.0,0.0,0.0,0.0,1.0,0.0,0.0,0.0,0.0
foo,profiling.constraint.bytecode.instructionhandler,HandlerFactory,createInstructionHandler,0.0,0.0,0.0,15.466666,0.0,0.0,0.0,0.0,0.0,0.0,0.0,0.0,0.0,0.0,0.0,0.0,15.466666,0.0,0.0,0.0,0.0
foo,profiling.constraint.bytecode,BytecodeUtils,isXCMPInstruction,0.0,0.0,0.0,3.3333333,0.0,0.0,0.0,0.0,0.0,0.0,0.0,0.0,0.0,0.0,0.0,0.0,3.3333333,0.0,0.0,0.0,0.0
foo,profiling.constraint.bytecode,BytecodeUtils,isInstanceOfIfInstruction,0.0,0.0,0.0,4.888889,0.0,0.0,0.0,0.0,0.0,0.0,0.0,0.0,0.0,0.0,0.0,0.0,4.888889,0.0,0.0,0.0,0.0
foo,profiling.constraint.bytecode,BytecodeUtils,isNEG,0.0,0.0,0.0,2.8,0.0,0.0,0.0,0.0,0.0,0.0,0.0,0.0,0.0,0.0,0.0,0.0,2.8,0.0,0.0,0.0,0.0
foo,profiling.constraint.bytecode,BytecodeUtils,isInstanceOfXCONST,0.0,0.0,0.0,3.3333333,0.0,0.0,0.0,0.0,0.0,0.0,0.0,0.0,0.0,0.0,0.0,0.0,3.3333333,0.0,0.0,0.0,0.0
foo,profiling.constraint.bytecode,BytecodeUtils,isArrayInstruction,0.0,0.0,0.0,3.3333333,0.0,0.0,0.0,0.0,0.0,0.0,0.0,0.0,0.0,0.0,0.0,0.0,3.3333333,0.0,0.0,0.0,0.0
foo,profiling.constraint.bytecode,BytecodeUtils,isType2TypeInstruction,0.0,0.0,0.0,8.4375,0.0,0.0,0.0,0.0,0.0,0.0,0.0,0.0,0.0,0.0,0.0,0.0,8.4375,0.0,0.0,0.0,0.0
foo,profiling.constraint.bytecode,BytecodeUtils,isInstanceOfIfReturn,0.0,0.0,0.0,4.375,0.0,0.0,0.0,0.0,0.0,0.0,0.0,0.0,0.0,0.0,0.0,0.0,4.375,0.0,0.0,0.0,0.0
foo,profiling.constraint.project,Method,hasConstraintElements,1.0,0.0,0.0,0.0,0.0,0.0,0.0,0.0,0.0,0.0,0.0,0.0,0.0,0.0,0.0,0.0,1.0,0.0,0.0,0.0,0.0
foo,profiling.constraint.project,Method,generatecontvet,1.5,0.0,0.0,0.0,0.0,0.0,0.0,0.0,0.0,0.0,0.0,0.0,0.0,0.5,0.0,0.0,0.0,0.0,1.0,0.0,0.0
foo,profiling.constraint.project,Method,pathsMetricToCSV,0.0,0.0,0.0,4.1666665,0.0,0.0,0.0,0.0,0.0,0.0,0.0,0.0,0.0,0.0,0.0,0.0,4.1666665,0.0,0.0,0.0,0.0
foo,profiling.constraint.project,Method,calcCC,1.0,0.0,0.0,3.3333333,0.0,0.0,0.0,0.0,0.0,0.0,0.0,0.0,0.0,0.16666667,0.0,0.0,3.3333333,0.0,0.8333333,0.0,0.0
foo,profiling.constraint.project,Method,isIn,1.3333334,0.0,0.0,0.0,0.0,0.0,0.0,0.0,0.0,0.0,0.6666667,0.0,0.0,0.33333334,0.0,0.0,0.0,0.0,1.0,0.0,0.0
foo,profiling.constraint.project,Method,getPlanEdges,0.0,0.0,0.0,1.0,0.0,0.0,0.0,0.0,0.0,0.0,0.0,0.0,0.0,0.0,0.0,0.0,1.0,0.0,0.0,0.0,0.0
foo,profiling.constraint.project,Method,sortNodes,3.8333333,0.0,0.0,1.1666666,0.0,0.0,0.0,0.16666667,0.0,1.0,0.0,0.8333333,0.0,1.5,0.0,0.0,1.1666666,0.0,0.0,0.0,0.33333334
foo,profiling.constraint.project,Method,meanMetricToCSV,0.0,0.0,0.0,3.4,0.0,0.0,0.0,0.0,0.0,0.0,0.0,0.0,0.0,0.0,0.0,0.0,3.4,0.0,0.0,0.0,0.0
foo,profiling.constraint.project,Method,calculateMetrics,2.6666667,0.0,0.0,3.3333333,0.0,0.0,0.0,0.0,0.0,0.33333334,0.0,0.0,0.0,0.0,0.0,0.0,5.5833335,0.0,0.083333336,0.0,0.0
foo,profiling.constraint.project,Method,printComparisonsToCSV,2.6,0.0,0.0,1.0,0.0,0.0,0.0,0.0,0.0,0.0,0.0,0.0,0.0,0.6,0.0,0.0,1.0,0.0,2.0,0.0,0.0
foo,profiling.constraint.project,Method,getPackageName,1.25,0.0,0.0,0.0,0.0,0.0,0.0,0.0,0.0,1.0,0.0,0.0,0.0,0.0,0.0,0.0,1.25,0.0,0.0,0.0,0.0
foo,profiling.constraint.project,Method,calculateCyclomaticComplexity,1.0,0.0,0.0,2.6,0.0,0.0,0.0,0.0,0.0,0.0,0.0,0.0,0.0,0.4,0.0,0.0,2.6,0.0,0.6,0.0,0.0
foo,profiling.constraint.project,Method,getClassName,1.25,0.0,0.0,0.0,0.0,0.0,0.0,0.0,0.0,1.0,0.0,0.0,0.0,0.0,0.0,0.0,1.25,0.0,0.0,0.0,0.0
foo,profiling.constraint.project,Method,meanMetricToCSV_short,0.33333334,0.0,0.0,3.7777777,0.0,0.0,0.0,0.0,0.0,1.3333334,0.0,0.0,0.0,0.0,0.0,0.0,3.4444444,0.0,0.33333334,0.0,0.0
foo,profiling.constraint.project,Method,constraintsToCSV,0.0,0.0,0.0,3.0,0.0,0.0,0.0,0.0,0.0,0.0,0.0,0.0,0.0,0.0,0.0,0.0,3.0,0.0,0.0,0.0,0.0
foo,profiling.constraint.project,Method,pathsMetricToCSV_short,0.0,0.0,0.0,4.1666665,0.0,0.0,0.0,0.0,0.0,0.0,0.0,0.0,0.0,0.0,0.0,0.0,4.1666665,0.0,0.0,0.0,0.0
foo,profiling.constraint.analysis.stack,NewArray,toString,1.5,0.0,0.0,0.0,0.0,0.0,0.0,0.0,0.0,0.0,0.0,0.0,0.0,1.5,0.0,0.0,0.0,0.0,0.0,0.0,0.0
foo,profiling.constraint.analysis.stack,NewArray,setVisited,1.5,0.0,0.0,0.0,0.0,0.0,0.0,0.0,0.0,0.0,0.0,0.0,0.5,0.0,0.0,0.0,1.0,0.0,0.0,0.0,0.0
foo,profiling.constraint.analysis.stack,RelationalExpression,getType,2.25,0.0,0.0,2.0,0.0,0.0,0.0,0.0,0.0,0.0,0.0,0.25,0.0,1.0,0.0,0.0,2.0,0.0,1.0,0.0,0.0
foo,profiling.constraint.graph,CombinedCFG,joinCFGs,3.5,0.0,0.0,2.625,0.0,0.0,0.0,0.0,1.0,0.0,0.0,0.0,0.375,1.125,0.0,0.0,3.875,0.0,0.0,0.0,0.0
foo,profiling.constraint.bytecode.instructionhandler,FieldHandler,handle,3.0,0.0,0.0,5.4,0.0,0.0,0.0,0.0,0.0,0.0,0.0,0.0,0.0,0.0,0.0,0.0,6.4666667,0.0,4.0666666,0.0,0.0
foo,profiling.constraint.bytecode.instructionhandler,NewHandler,handle,0.0,0.0,0.0,1.5,0.0,0.25,0.0,0.0,0.0,0.25,0.0,0.0,0.0,0.0,0.0,0.0,1.5,0.0,0.75,0.0,0.0
foo,profiling.constraint.bytecode.instructionhandler,AbstractHandler,getVariableName,0.0,0.0,0.0,0.0,0.0,1.0,0.0,0.0,0.0,1.0,0.0,0.0,0.0,0.0,0.0,0.0,0.6666667,0.0,0.0,0.0,0.0
foo,profiling.constraint.bytecode.instructionhandler,AbstractHandler,getVariableType,0.0,0.0,0.0,0.0,0.0,1.0,0.0,0.0,0.0,1.0,0.0,0.0,0.0,0.0,0.0,0.0,0.6666667,0.0,0.0,0.0,0.0
foo,profiling.constraint.bytecode.instructionhandler,ArrayHandler,handle,0.2,0.0,0.0,7.2,0.0,0.0,0.0,0.0,0.0,0.0,0.0,0.0,0.06666667,0.0,0.0,0.0,7.3333335,0.0,0.0,0.0,0.0
foo,profiling.constraint.bytecode.instructionhandler,ArrayHandler,isStoreInstruction,0.0,0.0,0.0,4.888889,0.0,0.0,0.0,0.0,0.0,0.0,0.0,0.0,0.0,0.0,0.0,0.0,4.888889,0.0,0.0,0.0,0.0
foo,profiling.constraint.analysis.info,MethodCallInfo,increment,0.0,0.0,0.0,2.3333333,0.0,0.0,0.0,0.0,0.0,0.0,0.0,0.0,0.0,0.0,0.0,0.0,2.3333333,0.0,0.0,0.0,0.0
foo,profiling.constraint.analysis.info,MethodCallInfo,calculateMean,0.0,0.0,0.0,4.2,0.0,0.0,0.0,0.0,0.0,0.0,0.0,0.0,0.0,0.0,0.0,0.0,4.2,0.0,0.0,0.0,0.0
foo,profiling.constraint.analysis.info,MethodCallInfo,getObjectTypes,0.0,0.0,0.0,2.3333333,0.0,0.0,0.0,0.0,0.0,0.0,0.0,0.0,0.0,0.0,0.0,0.0,2.3333333,0.0,0.0,0.0,0.0
foo,profiling.constraint.analysis.info,MethodCallInfo,getPrimitiveTypes,0.0,0.0,0.0,2.3333333,0.0,0.0,0.0,0.0,0.0,0.0,0.0,0.0,0.0,0.0,0.0,0.0,2.3333333,0.0,0.0,0.0,0.0
foo,profiling.constraint.analysis.info,MethodCallInfo,increment,0.0,0.0,0.0,6.25,0.0,0.0,0.0,0.0,0.0,0.0,0.0,0.0,0.0,0.0,0.0,0.0,6.25,0.0,0.0,0.0,0.0
foo,profiling.constraint.analysis.info,MethodCallInfo,getArrayTypes,0.0,0.0,0.0,2.3333333,0.0,0.0,0.0,0.0,0.0,0.0,0.0,0.0,0.0,0.0,0.0,0.0,2.3333333,0.0,0.0,0.0,0.0
foo,profiling.constraint.analysis.info,MethodCallInfo,getDistinctObjectTypes,0.0,0.0,0.0,2.3333333,0.0,0.0,0.0,0.0,0.0,0.0,0.0,0.0,0.0,0.0,0.0,0.0,2.3333333,0.0,0.0,0.0,0.0
foo,profiling.constraint.bytecode.instructionhandler,IINCHandler,handle,1.0,0.0,0.0,1.7142857,0.0,0.0,0.0,0.0,0.0,0.0,0.0,0.0,0.0,0.0,0.0,0.0,4.285714,0.0,0.0,0.0,0.0
foo,profiling.constraint.analysis.stack,Variable,toString,0.0,0.0,0.0,1.0,0.0,0.6666667,0.0,0.0,0.0,1.6666666,0.0,0.0,0.0,0.0,0.0,0.0,0.0,0.0,0.0,0.0,0.0
foo,profiling.constraint.analysis.stack,Variable,setVisited,0.0,0.0,0.0,0.6666667,0.0,1.0,0.0,0.0,0.0,1.0,0.0,0.0,0.0,0.0,0.0,0.0,0.6666667,0.0,0.0,0.0,0.0
foo,profiling.constraint.analysis.stack,Variable,copy,0.0,0.0,0.0,0.6666667,0.0,1.0,0.0,0.0,0.0,1.0,0.0,0.0,0.0,0.0,0.0,0.0,0.6666667,0.0,0.0,0.0,0.0
foo,profiling.constraint.bytecode.instructionhandler,ReturnHandler,handle,0.0,0.0,0.0,4.714286,0.0,0.0,0.0,0.0,0.0,0.0,0.0,0.0,0.0,0.0,0.0,0.0,4.714286,0.0,0.0,0.0,0.0
foo,profiling.constraint.analysis,Path,getVetEdges,1.5,0.0,0.0,0.0,0.0,0.0,0.0,0.0,0.0,0.0,0.0,0.5,0.0,1.0,0.0,0.0,0.0,0.0,0.0,0.0,0.0
foo,profiling.constraint.analysis,Path,checkForEnsuredUnsolvability,3.2,0.0,0.0,1.2,0.0,0.0,0.0,0.0,0.0,0.0,0.0,1.4,0.0,1.8,0.0,0.0,1.2,0.0,0.0,0.0,0.0
foo,profiling.constraint.analysis,Path,containsNode,0.0,0.0,0.0,2.0,0.0,0.0,0.0,0.0,0.0,0.0,0.0,0.0,0.0,0.0,0.0,0.0,2.0,0.0,0.0,0.0,0.0
foo,profiling.constraint.analysis,Path,checkForLinearity,0.0,0.0,0.0,2.3333333,0.0,0.0,0.0,0.0,0.0,0.0,0.0,0.0,0.0,0.0,0.0,0.0,2.3333333,0.0,0.0,0.0,0.0
foo,profiling.constraint.analysis,Path,containsEdge,0.0,0.0,0.0,2.0,0.0,0.0,0.0,0.0,0.0,0.0,0.0,0.0,0.0,0.0,0.0,0.0,2.0,0.0,0.0,0.0,0.0
foo,profiling.constraint.analysis,Path,toString,0.0,0.0,0.0,1.5,0.0,0.0,0.0,0.0,0.0,0.0,0.0,0.0,0.0,0.0,0.0,0.0,1.5,0.0,0.0,0.0,0.0
foo,profiling.constraint.analysis,Path,getVetNodes,0.0,0.0,0.0,1.5,0.0,0.0,0.0,0.0,0.0,0.0,0.0,0.0,0.0,0.0,0.0,0.0,1.5,0.0,0.0,0.0,0.0
foo,profiling.constraint.analysis,Path,calculateMetrics,0.0,0.0,0.0,2.0,0.0,0.0,0.0,0.0,0.0,1.0,0.0,0.0,0.0,0.0,0.0,0.0,1.0,0.0,0.0,0.0,0.0
foo,profiling.constraint.project,Project,loadProject_jar,0.0,0.0,0.0,4.72,0.0,0.0,0.0,0.0,0.0,0.24,0.0,0.0,0.0,0.0,0.0,0.0,4.48,0.0,0.0,0.0,0.0
foo,profiling.constraint.project,Project,getInfo,0.0,0.0,0.0,1.5,0.0,0.0,0.0,0.0,0.0,0.0,0.0,0.0,0.0,0.0,0.0,0.0,1.5,0.0,0.0,0.0,0.0
foo,profiling.constraint.project,Project,countAllMethods,0.0,0.0,0.0,1.5,0.0,0.0,0.0,0.0,0.0,0.0,0.0,0.0,0.0,0.0,0.0,0.0,1.5,0.0,0.0,0.0,0.0
foo,profiling.constraint.project,Project,countUnsolvableConstraintSequences,0.0,0.0,0.0,4.6,0.0,0.0,0.0,0.0,0.0,0.0,0.0,0.0,0.0,0.0,0.0,0.0,4.6,0.0,0.0,0.0,0.0
foo,profiling.constraint.project,Project,calculateMetrics,0.0,0.0,0.0,4.1666665,0.0,0.0,0.0,0.0,0.0,0.0,0.0,0.0,0.0,0.0,0.0,0.0,4.1666665,0.0,0.0,0.0,0.0
foo,profiling.constraint.project,Project,countConstraintSequences,0.0,0.0,0.0,2.6666667,0.0,0.0,0.0,0.0,0.0,0.0,0.0,0.0,0.0,0.0,0.0,0.0,2.6666667,0.0,0.0,0.0,0.0
foo,profiling.constraint.project,Project,countAnalyzedMethods,0.0,0.0,0.0,3.5,0.0,0.0,0.0,0.0,0.0,0.0,0.0,0.0,0.0,0.0,0.0,0.0,3.5,0.0,0.0,0.0,0.0
foo,profiling.constraint.project,Project,countInitMethods,0.0,0.0,0.0,3.5,0.0,0.0,0.0,0.0,0.0,0.5,0.0,0.0,0.0,0.0,0.0,0.0,3.0,0.0,0.0,0.0,0.0
foo,profiling.constraint.project,Project,loadFiles,1.9411764,0.0,0.0,8.0,0.0,0.0,0.0,0.9411765,0.0,1.1764706,0.0,0.0,0.0,0.0,0.0,0.0,7.8235292,0.0,0.0,0.0,0.0
foo,profiling.constraint.project,Project,meanMetricToCSV,0.0,0.0,0.0,1.5,0.0,0.0,0.0,0.0,0.0,0.0,0.0,0.0,0.0,0.0,0.0,0.0,1.5,0.0,0.0,0.0,0.0
foo,profiling.constraint.project,Project,getCFG,0.0,0.0,0.0,0.0,0.0,0.0,0.0,0.0,0.0,0.0,0.0,0.0,0.0,0.0,0.0,0.0,1.6666666,0.0,0.0,0.0,0.0
foo,profiling.constraint.project,Project,countGetSetMethods,0.0,0.0,0.0,3.5,0.0,0.0,0.0,0.0,0.0,0.5,0.0,0.0,0.0,0.0,0.0,0.0,3.0,0.0,0.0,0.0,0.0
foo,profiling.constraint.project,Project,extractAllMethods_jar,0.44444445,0.0,0.0,3.5555556,0.0,0.0,0.0,0.0,0.0,0.44444445,0.0,0.0,0.0,0.0,0.0,0.0,3.5555556,0.0,0.0,0.0,0.0
foo,profiling.constraint.project,Project,countAbstractMethods,0.0,0.0,0.0,1.5,0.0,0.0,0.0,0.0,0.0,0.0,0.0,0.0,0.0,0.0,0.0,0.0,1.5,0.0,0.0,0.0,0.0
foo,profiling.constraint.project,Project,extractAllMethods,3.0,0.0,0.0,1.7,0.0,0.0,0.0,0.9,0.0,1.4,0.0,0.0,0.0,0.0,0.0,0.0,2.4,0.0,0.0,0.0,0.0
foo,profiling.constraint.project,Project,addMethod,0.0,0.0,0.0,0.0,0.0,0.0,0.0,0.0,0.0,0.0,0.0,0.0,0.0,0.0,0.0,0.0,1.0,0.0,0.0,0.0,0.0
foo,profiling.constraint.graph,Edge,copy,0.0,0.0,0.0,1.5,0.0,0.0,0.0,0.0,0.0,0.0,0.0,0.0,0.0,0.0,0.0,0.0,1.5,0.0,0.0,0.0,0.0
foo,profiling.constraint.analysis,PathUtil,sortPaths,3.5,0.0,0.0,0.0,0.0,0.0,0.0,0.0,0.0,0.0,0.0,0.0,2.0,0.0,0.0,0.5,1.0,0.0,0.0,0.0,0.0
foo,profiling.constraint.analysis.info,VariableInfo,increment,0.0,0.0,0.0,2.3333333,0.0,0.0,0.0,0.0,0.0,0.0,0.0,0.0,0.0,0.0,0.0,0.0,2.3333333,0.0,0.0,0.0,0.0
foo,profiling.constraint.analysis.info,VariableInfo,getArrayTypes,0.0,0.0,0.0,2.3333333,0.0,0.0,0.0,0.0,0.0,0.0,0.0,0.0,0.0,0.0,0.0,0.0,2.3333333,0.0,0.0,0.0,0.0
foo,profiling.constraint.analysis.info,VariableInfo,getObjectTypes,0.0,0.0,0.0,3.0,0.0,0.0,0.0,0.0,0.0,0.0,0.0,0.0,0.0,0.0,0.0,0.0,3.0,0.0,0.0,0.0,0.0
foo,profiling.constraint.analysis.info,VariableInfo,getDistinctObjectTypes,0.0,0.0,0.0,2.3333333,0.0,0.0,0.0,0.0,0.0,0.0,0.0,0.0,0.0,0.0,0.0,0.0,2.3333333,0.0,0.0,0.0,0.0
foo,profiling.constraint.analysis.info,VariableInfo,getPrimitiveTypes,0.0,0.0,0.0,2.3333333,0.0,0.0,0.0,0.0,0.0,0.0,0.0,0.0,0.0,0.0,0.0,0.0,2.3333333,0.0,0.0,0.0,0.0
foo,profiling.constraint.analysis.info,VariableInfo,calculateMean,0.0,0.0,0.0,4.2,0.0,0.0,0.0,0.0,0.0,0.0,0.0,0.0,0.0,0.0,0.0,0.0,4.2,0.0,0.0,0.0,0.0
foo,profiling.constraint.analysis.info,VariableInfo,increment,0.0,0.0,0.0,6.0,0.0,0.0,0.0,0.0,0.0,0.0,0.0,0.0,0.0,0.0,0.0,0.0,6.0,0.0,0.0,0.0,0.0
foo,profiling.constraint.bytecode.instructionhandler,XConstHandler,handle,0.0,0.0,0.0,6.25,0.0,0.0,0.0,0.0,0.0,0.0,0.0,0.0,0.0,0.0,0.0,0.0,6.25,0.0,0.0,0.0,0.0
foo,profiling.constraint.analysis.info,ParametersInfo,calculateMean,0.0,0.0,0.0,1.5,0.0,0.0,0.0,0.0,0.0,0.0,0.0,0.0,0.0,0.0,0.0,0.0,1.5,0.0,0.0,0.0,0.0
foo,profiling.constraint.analysis.stack,ArithmeticExpression,isVariableElement,0.0,0.0,0.0,3.0,0.0,0.0,0.0,0.0,0.0,0.0,0.0,0.0,0.0,0.0,0.0,0.0,3.0,0.0,0.0,0.0,0.0
foo,profiling.constraint.analysis.stack,ArithmeticExpression,toString,0.0,0.0,0.0,1.5,0.0,0.0,0.0,0.0,0.0,0.0,0.0,0.0,0.0,0.0,0.0,0.0,1.5,0.0,0.0,0.0,0.0
foo,profiling.constraint.analysis.stack,ArithmeticExpression,setVisited,1.5,0.0,0.0,0.0,0.0,0.0,0.0,0.0,0.0,0.0,0.0,0.0,0.5,0.0,0.0,0.0,1.0,0.0,0.0,0.0,0.0
foo,profiling.constraint.analysis.stack,ArithmeticExpression,main,0.0,0.0,0.0,2.6666667,0.0,0.0,0.0,0.0,0.0,0.0,0.0,0.0,0.0,0.0,0.0,0.0,2.6666667,0.0,0.0,0.0,0.0
foo,profiling.constraint.analysis.stack,ArithmeticExpression,hasVariableElement,0.0,0.0,0.0,4.285714,0.0,0.0,0.0,0.0,0.0,0.0,0.0,0.0,0.0,0.0,0.0,0.0,4.285714,0.0,0.0,0.0,0.0
foo,profiling.constraint.analysis.stack,ArithmeticExpression,isNonLinear,0.0,0.0,0.0,5.5,0.0,0.0,0.0,0.0,0.0,0.0,0.0,0.0,0.0,0.0,0.0,0.0,5.5,0.0,0.0,0.0,0.0
foo,profiling.constraint.analysis.stack,ArithmeticExpression,copy,0.0,0.0,0.0,1.5,0.0,0.0,0.0,0.0,0.0,0.0,0.0,0.0,0.0,0.0,0.0,0.0,1.5,0.0,0.0,0.0,0.0
foo,profiling.constraint.analysis.stack,ArithmeticExpression,getPostfixExpression,0.0,0.0,0.0,11.538462,0.0,0.0,0.0,0.0,0.0,0.0,0.0,0.0,0.0,0.0,0.0,0.0,11.538462,0.0,0.0,0.0,0.0
foo,profiling.constraint.analysis.stack,ArithmeticExpression,handleParenthesis,1.0,0.0,0.0,1.6,0.0,0.0,0.0,0.0,0.0,0.8,0.0,0.0,0.0,0.0,0.0,0.0,1.8,0.0,0.0,0.0,0.0
foo,profiling.constraint.analysis.stack,ArithmeticExpression,getType,3.0,0.0,0.0,5.0,0.0,0.0,0.0,0.0,0.0,0.0,0.0,0.11111111,0.0,0.9444444,0.0,0.0,6.1666665,0.0,0.9444444,0.0,0.0
foo,profiling.constraint.analysis.stack,ArithmeticExpression,hasMethodElement,0.0,0.0,0.0,4.0,0.0,0.0,0.0,0.0,0.0,0.0,0.0,0.0,0.0,0.0,0.0,0.0,4.0,0.0,0.0,0.0,0.0
foo,profiling.constraint.project,Benchmark,countAllClasses,0.0,0.0,0.0,1.5,0.0,0.0,0.0,0.0,0.0,0.0,0.0,0.0,0.0,0.0,0.0,0.0,1.5,0.0,0.0,0.0,0.0
foo,profiling.constraint.project,Benchmark,countUnsolvableConstraintSequences,0.0,0.0,0.0,1.5,0.0,0.0,0.0,0.0,0.0,0.0,0.0,0.0,0.0,0.0,0.0,0.0,1.5,0.0,0.0,0.0,0.0
foo,profiling.constraint.project,Benchmark,countInitMethods,0.0,0.0,0.0,1.5,0.0,0.0,0.0,0.0,0.0,0.0,0.0,0.0,0.0,0.0,0.0,0.0,1.5,0.0,0.0,0.0,0.0
foo,profiling.constraint.project,Benchmark,countAnalyzedMethods,0.0,0.0,0.0,1.5,0.0,0.0,0.0,0.0,0.0,0.0,0.0,0.0,0.0,0.0,0.0,0.0,1.5,0.0,0.0,0.0,0.0
foo,profiling.constraint.project,Benchmark,countAbstractMethods,0.0,0.0,0.0,1.5,0.0,0.0,0.0,0.0,0.0,0.0,0.0,0.0,0.0,0.0,0.0,0.0,1.5,0.0,0.0,0.0,0.0
foo,profiling.constraint.project,Benchmark,countAllMethods,0.0,0.0,0.0,1.5,0.0,0.0,0.0,0.0,0.0,0.0,0.0,0.0,0.0,0.0,0.0,0.0,1.5,0.0,0.0,0.0,0.0
foo,profiling.constraint.project,Benchmark,countConstraintSequences,0.0,0.0,0.0,1.5,0.0,0.0,0.0,0.0,0.0,0.0,0.0,0.0,0.0,0.0,0.0,0.0,1.5,0.0,0.0,0.0,0.0
foo,profiling.constraint.project,Benchmark,countGetSetMethods,0.0,0.0,0.0,1.5,0.0,0.0,0.0,0.0,0.0,0.0,0.0,0.0,0.0,0.0,0.0,0.0,1.5,0.0,0.0,0.0,0.0
foo,profiling.constraint.bytecode.instructionhandler,InvokeHandler,handle,1.0555556,0.0,0.0,8.777778,0.0,0.16666667,0.0,0.0,0.0,1.1111112,0.0,0.0,0.0,1.0555556,0.0,0.0,7.8333335,0.0,0.0,0.0,0.0
foo,profiling.constraint.analysis,Constraint,isNonLinearExpression,0.0,0.0,0.0,3.6,0.0,1.0,0.0,0.0,0.0,1.0,0.0,0.0,0.0,0.0,0.0,0.0,3.6,0.0,0.0,0.0,0.0
foo,profiling.constraint.analysis,Constraint,init,0.0,0.0,0.0,1.0,0.0,0.0,0.0,0.0,0.0,0.0,0.0,0.0,0.0,0.0,0.0,0.0,1.0,0.0,0.0,0.0,0.0
foo,profiling.constraint.analysis,Constraint,toString,0.0,0.0,0.0,1.0,0.0,0.0,0.0,0.0,0.0,0.0,0.0,0.0,0.0,0.0,0.0,0.0,1.0,0.0,0.0,0.0,0.0
foo,profiling.constraint.analysis,Constraint,toString2,0.0,0.0,0.0,1.0,0.0,0.0,0.0,0.0,0.0,0.0,0.0,0.0,0.0,0.0,0.0,0.0,1.0,0.0,0.0,0.0,0.0
foo,profiling.constraint.analysis,Constraint,copy,0.0,0.0,0.0,1.0,0.0,0.0,0.0,0.0,0.0,0.0,0.0,0.0,0.0,0.0,0.0,0.0,1.0,0.0,0.0,0.0,0.0
foo,profiling.constraint.analysis,Constraint,negate,0.0,0.0,0.0,1.0,0.0,0.0,0.0,0.0,0.0,0.0,0.0,0.0,0.0,0.0,0.0,0.0,1.0,0.0,0.0,0.0,0.0
foo,profiling.constraint.analysis,Constraint,findType,2.0,0.0,0.0,2.4545455,0.0,0.0,0.0,0.0,0.0,0.0,0.0,0.18181819,0.0,0.90909094,0.0,0.0,3.5454545,0.0,0.90909094,0.0,0.0
foo,profiling.constraint.analysis,Constraint,isUnsolvable,0.0,0.0,0.14285715,6.714286,0.0,0.0,0.0,0.0,0.0,0.0,0.0,0.0,0.0,0.0,0.0,0.14285715,10.178572,0.0,0.0,0.0,0.0
foo,profiling.constraint.analysis,Constraint,negate,0.0,0.0,0.0,8.382978,0.0,0.0,0.0,0.0,0.0,0.0,0.0,0.0,0.0,0.0,0.0,0.0,14.063829,0.0,0.0,0.0,0.0
foo,profiling.constraint.analysis,Constraint,hasNonLinearExpression,0.0,0.0,0.0,1.6666666,0.0,0.0,0.0,0.0,0.0,0.0,0.0,0.0,0.0,0.0,0.0,0.0,1.6666666,0.0,0.0,0.0,0.0
foo,profiling.constraint.analysis.stack,ArithmeticOperator,init,0.0,0.0,0.0,1.0,0.0,0.0,0.0,0.0,0.0,0.0,0.0,0.0,0.0,0.0,0.0,0.0,1.0,0.0,0.0,0.0,0.0
foo,profiling.constraint.analysis,ConstraintInfo,handleMethodCall,1.2,0.0,1.0,0.4,0.0,0.0,0.0,1.0,0.0,0.0,0.0,0.0,0.2,0.0,0.0,0.0,2.4,0.0,0.0,0.0,0.0
foo,profiling.constraint.analysis,ConstraintInfo,sumDataAndTypeComparison,2.0,0.0,0.0,1.75,0.0,0.0,0.0,0.0,0.0,0.0,0.0,0.0,0.0,0.5,0.0,0.0,1.75,0.0,1.5,0.0,0.0
foo,profiling.constraint.analysis,ConstraintInfo,calculateMean,2.060606,0.90909094,15.090909,2.3333333,0.0,0.0,0.0,0.0,0.0,0.0,0.0,0.0,0.0,11.060606,0.0,0.0,16.363636,0.0,2.969697,0.0,0.0
foo,profiling.constraint.analysis,ConstraintInfo,handleConstant,0.0,0.0,0.0,1.0,0.0,0.0,0.0,0.0,0.0,0.0,0.0,0.0,0.0,0.0,0.0,0.0,1.0,0.0,0.0,0.0,0.0
foo,profiling.constraint.analysis,ConstraintInfo,handleNewArray,1.5,0.0,0.0,0.0,0.0,0.0,0.0,0.0,0.0,0.0,0.0,0.0,0.5,0.0,0.0,0.0,1.0,0.0,0.0,0.0,0.0
foo,profiling.constraint.analysis,ConstraintInfo,handleArithmeticExpression,1.5,0.0,0.0,0.0,0.0,0.0,0.0,0.0,0.0,0.0,0.0,0.0,0.5,0.0,0.0,0.0,1.0,0.0,0.0,0.0,0.0
foo,profiling.constraint.analysis,ConstraintInfo,init,2.0,0.0,0.90909094,5.7272725,0.0,0.0,0.0,0.0,0.90909094,0.0,0.0,0.0,0.0,0.18181819,0.0,0.0,5.7272725,0.0,1.8181819,0.0,0.0
foo,profiling.constraint.analysis,ConstraintInfo,handleVariable,0.0,0.0,0.0,0.6666667,0.0,0.0,0.0,0.0,0.0,0.0,0.0,0.0,0.0,0.0,0.0,0.0,1.6666666,0.0,0.0,0.0,0.0
foo,profiling.constraint.analysis,ConstraintInfo,getTypeAmount,0.0,0.0,0.0,0.0,0.0,0.0,0.0,0.0,0.0,0.0,0.0,0.0,0.0,0.0,0.0,0.0,1.0,0.0,0.0,0.0,0.0
foo,profiling.constraint.analysis,ConstraintInfo,init,0.0,0.0,0.0,0.0,0.0,0.0,0.0,0.0,0.0,0.0,0.0,0.0,0.0,0.0,0.0,0.0,1.6666666,0.0,0.0,0.0,0.0
foo,profiling.constraint.analysis,ConstraintInfo,extractInfo,0.0,0.0,0.0,3.8888888,0.0,1.0,0.0,0.0,0.0,1.0,0.0,0.0,0.0,0.0,0.0,0.0,3.8888888,0.0,0.0,0.0,0.0
foo,profiling.constraint.analysis,ConstraintInfo,extractTypesOfComparison,0.0,0.0,0.0,35.0,0.0,0.0,0.0,0.0,0.0,0.0,0.0,0.0,0.0,0.0,0.0,0.0,36.9863,0.0,0.0,0.0,0.0
foo,profiling.constraint.bytecode.instructionhandler,CopyOfArrayHandler,isStoreInstruction,0.0,0.0,0.0,4.888889,0.0,0.0,0.0,0.0,0.0,0.0,0.0,0.0,0.0,0.0,0.0,0.0,4.888889,0.0,0.0,0.0,0.0
foo,profiling.constraint.bytecode.instructionhandler,CopyOfArrayHandler,handle,0.27272728,0.0,0.0,5.181818,0.0,0.0,0.0,0.0,0.0,0.0,0.0,0.0,0.09090909,0.0,0.0,0.0,5.3636365,0.0,0.0,0.0,0.0
foo,profiling.constraint.bytecode.instructionhandler,JSRHandler,handle,0.0,0.0,0.0,0.0,0.0,0.0,0.0,0.0,0.0,0.0,0.0,0.0,0.0,0.0,0.0,0.0,1.0,0.0,0.0,0.0,0.0
foo,profiling.constraint.bytecode.instructionhandler,PushHandler,handle,0.0,0.0,0.0,1.6666666,0.0,0.0,0.0,0.0,0.0,0.0,0.0,0.0,0.0,0.0,0.0,0.0,1.6666666,0.0,0.0,0.0,0.0
foo,profiling.constraint.analysis.stack,MethodCall,setVisited,1.5,0.0,0.0,0.0,0.0,0.0,0.0,0.0,0.0,0.0,0.0,0.0,0.5,0.0,0.0,0.0,1.0,0.0,0.0,0.0,0.0
foo,profiling.constraint.analysis.stack,MethodCall,isVariableElement,0.0,0.0,0.0,3.0,0.0,0.0,0.0,0.0,0.0,0.0,0.0,0.0,0.0,0.0,0.0,0.0,3.0,0.0,0.0,0.0,0.0
foo,profiling.constraint.analysis.stack,MethodCall,hasMethodElement,0.0,0.0,0.0,1.6666666,0.0,0.0,0.0,0.0,0.0,0.0,0.0,0.0,0.0,0.0,0.0,0.0,1.6666666,0.0,0.0,0.0,0.0
foo,profiling.constraint.analysis.stack,MethodCall,isNonLinear,0.0,0.0,0.0,5.0,0.0,0.0,0.0,0.0,0.0,0.0,0.0,0.0,0.0,0.0,0.0,0.0,5.0,0.0,0.0,0.0,0.0
foo,profiling.constraint.analysis.stack,MethodCall,toString,2.5714285,0.0,0.0,0.5714286,0.0,1.0,0.0,0.0,0.0,1.0,0.0,0.14285715,0.2857143,1.1428572,0.0,0.0,1.5714285,0.0,0.0,0.0,0.0
foo,profiling.constraint.analysis.stack,MethodCall,copy,0.0,0.0,0.0,1.3333334,0.0,1.0,0.0,0.0,0.0,1.0,0.0,0.0,0.0,0.0,0.0,0.0,1.3333334,0.0,0.0,0.0,0.0
foo,profiling.constraint.analysis.info,Utils,isNull,0.0,0.0,0.0,1.0,0.0,0.0,0.0,0.0,0.0,0.0,0.0,0.0,0.0,0.0,0.0,0.0,1.0,0.0,0.0,0.0,0.0
foo,profiling.constraint.analysis.info,Utils,isRef,0.0,0.0,0.0,0.0,0.0,0.0,0.0,0.0,0.0,0.0,0.0,0.0,0.0,0.0,0.0,0.0,1.0,0.0,0.0,0.0,0.0
foo,profiling.constraint.analysis.info,Utils,isBool,0.0,0.0,0.0,1.0,0.0,0.0,0.0,0.0,0.0,0.0,0.0,0.0,0.0,0.0,0.0,0.0,1.0,0.0,0.0,0.0,0.0
foo,profiling.constraint.analysis.info,Utils,isInt,0.0,0.0,0.0,2.8,0.0,0.0,0.0,0.0,0.0,0.0,0.0,0.0,0.0,0.0,0.0,0.0,2.8,0.0,0.0,0.0,0.0
foo,profiling.constraint.analysis.info,Utils,isArray,0.0,0.0,0.0,1.6666666,0.0,0.0,0.0,0.0,0.0,0.0,0.0,0.0,0.0,0.0,0.0,0.0,1.6666666,0.0,0.0,0.0,0.0
foo,profiling.constraint.analysis.info,Utils,isNonLinearMethod,1.0,0.0,0.0,1.1428572,0.0,0.0,0.0,0.2857143,0.0,2.5714285,0.0,0.0,0.0,0.0,0.0,0.0,1.1428572,0.0,0.0,0.0,0.0
foo,profiling.constraint.analysis.info,Utils,isFloat,0.0,0.0,0.0,1.6666666,0.0,0.0,0.0,0.0,0.0,0.0,0.0,0.0,0.0,0.0,0.0,0.0,1.6666666,0.0,0.0,0.0,0.0
foo,profiling.constraint.analysis.info,Utils,standardType,0.0,0.0,0.0,4.4,0.0,0.0,0.0,0.0,0.0,1.0,0.0,0.0,0.0,0.0,0.0,0.0,4.4,0.0,0.0,0.0,0.0
foo,profiling.constraint.analysis,CopyOfConstraintSequenceGenerator,applyUpdateOnVariable,0.0,0.0,0.0,1.25,0.0,0.0,0.0,0.0,0.0,0.0,0.0,0.0,0.0,0.0,0.0,0.0,2.25,0.0,0.0,0.0,0.0
foo,profiling.constraint.analysis,CopyOfConstraintSequenceGenerator,applyUpdate,0.54545456,0.0,0.0,5.5,0.0,0.0,0.0,0.0,0.0,1.0909091,0.0,0.0,0.18181819,0.0,0.0,0.0,5.1363635,0.0,0.0,0.0,0.0
foo,profiling.constraint.analysis,CopyOfConstraintSequenceGenerator,needsToPrint,0.0,0.0,0.0,1.0,0.0,0.0,0.0,0.0,0.0,0.0,0.0,0.0,0.0,0.0,0.0,0.0,1.0,0.0,0.0,0.0,0.0
foo,profiling.constraint.analysis,CopyOfConstraintSequenceGenerator,getConstraintSequenceElements,1.5714285,0.0,0.0,1.4285715,0.0,1.0,0.0,0.0,0.0,1.0,0.0,0.0,0.71428573,0.0,0.0,0.0,2.2857144,0.0,0.71428573,0.0,0.0
foo,profiling.constraint.analysis,CopyOfConstraintSequenceGenerator,applyUpdateOnMethodCall,1.3333334,0.0,0.0,1.6666666,0.0,0.0,0.0,0.0,0.0,0.0,0.0,0.0,0.33333334,0.0,0.0,0.0,3.8333333,0.0,0.0,0.0,0.0
foo,profiling.constraint.analysis,CopyOfConstraintSequenceGenerator,replaceVariable,0.0,0.0,0.0,1.0,0.0,0.0,0.0,0.0,0.0,0.0,0.0,0.0,0.0,0.0,0.0,0.0,1.0,0.0,0.0,0.0,0.0
foo,profiling.constraint.analysis,CopyOfConstraintSequenceGenerator,replaceConstraint,0.75,0.0,0.0,2.0,0.0,0.0,0.0,0.25,0.0,0.5,0.0,0.0,0.0,0.0,0.0,0.0,2.0,0.0,0.0,0.0,0.0
foo,profiling.constraint.analysis,CopyOfConstraintSequenceGenerator,replaceExpression,1.5,0.0,0.0,1.5,0.0,0.0,0.0,0.0,0.0,0.0,0.0,0.0,0.0,1.5,0.0,0.0,1.5,0.0,0.0,0.0,0.0
foo,profiling.constraint.bytecode.instructionhandler,ArithmeticHandler,handle,0.0,0.0,0.0,11.0,0.0,0.0,0.0,0.0,0.0,0.0,0.0,0.0,0.0,0.0,0.0,0.0,11.0,0.0,0.0,0.0,0.0
foo,profiling.constraint.analysis.stack,RelationalOperator,negate,0.0,0.0,0.0,3.3333333,0.0,0.0,0.0,0.0,0.0,0.0,0.0,0.0,0.0,0.0,0.0,0.0,3.3333333,0.0,0.0,0.0,0.0
foo,profiling.constraint.graph,GraphUtils,getNumberOfExitNodes,0.6666667,0.0,0.0,1.6666666,0.0,0.0,0.0,0.0,0.0,0.0,0.0,0.0,0.0,0.0,0.0,0.0,2.3333333,0.0,0.0,0.0,0.0
foo,profiling.constraint.graph,GraphUtils,getNumberOfEntryNodes,1.5,0.0,0.0,2.1666667,0.0,0.0,0.0,0.0,0.0,0.0,0.0,0.0,0.0,0.33333334,0.0,0.0,2.6666667,0.0,0.6666667,0.0,0.0
foo,profiling.constraint.graph,GraphUtils,produceGraphVizOutput,0.0,0.0,0.0,1.5,0.0,0.0,0.0,0.0,0.0,0.0,0.0,0.0,0.0,0.0,0.0,0.0,1.5,0.0,0.0,0.0,0.0
foo,profiling.constraint.graph,GraphUtils,checkNodesReachableFromEntryNode,0.0,0.0,0.0,2.3333333,0.0,0.0,0.0,0.0,0.0,0.0,0.0,0.0,0.0,0.0,0.0,0.0,2.3333333,0.0,0.0,0.0,0.0
foo,profiling.constraint.graph,GraphUtils,checkValidGraph,1.0,0.0,0.0,0.0,0.0,0.0,0.0,0.0,0.0,0.0,0.0,0.0,0.0,0.0,0.0,0.0,1.0,0.0,0.0,0.0,0.0
foo,profiling.constraint.graph,GraphUtils,checkNodesThatReachesExitNodes,1.2857143,0.0,0.0,3.857143,0.0,0.0,0.0,0.0,0.0,0.0,0.0,0.0,0.0,0.0,0.0,0.0,4.142857,0.0,1.0,0.0,0.0
foo,profiling.constraint.bytecode.instructionhandler,SwitchHandler,handle,3.4375,0.0,0.0,2.5,0.0,0.0,0.0,0.8125,0.0,2.25,0.0,0.0,0.0,0.0,0.0,0.375,3.25,0.0,0.0,0.0,0.0
foo,profiling.constraint.bytecode.instructionhandler,IfHandler,handle,1.0,0.0,0.0,10.76,0.0,0.0,0.0,0.0,0.0,1.0,0.0,0.0,0.0,0.0,0.0,1.0,11.76,0.0,0.0,0.0,0.0
foo,profiling.constraint.bytecode.instructionhandler,StackHandler,handle,0.0,0.0,0.0,11.384615,0.0,0.0,0.0,0.0,0.0,0.0,0.0,0.0,0.0,0.0,0.0,0.0,11.564102,0.0,0.9230769,0.0,0.0
foo,profiling.constraint.bytecode.instructionhandler,StoreHandler,handle,1.0,0.0,0.0,0.4,0.0,0.0,0.0,0.0,0.0,0.0,0.0,0.0,0.0,0.0,0.0,0.0,2.6,0.0,0.8,0.0,0.0
foo,profiling.constraint.analysis,PathGenerator,iterateLoopPaths,4.0625,0.0,0.0,4.0,0.0,0.0,0.0,0.0,0.0,0.0,0.0,0.0,0.6875,0.25,0.0,0.625,6.3125,0.0,0.4375,0.0,0.0
foo,profiling.constraint.analysis,PathGenerator,expandCFG,0.0,0.0,0.0,5.5,0.0,0.0,0.0,0.0,0.0,0.0,0.0,0.0,0.0,0.0,0.0,0.0,6.25,0.0,0.0,0.0,0.0
foo,profiling.constraint.analysis,PathGenerator,generateAllPaths,2.0,0.0,0.0,1.5,0.0,0.0,0.0,0.0,0.0,0.0,0.0,0.0,0.5,0.0,0.0,0.0,3.0,0.0,0.0,0.0,0.0
foo,profiling.constraint.analysis,PathGenerator,convertStrPathToPath,1.5,0.0,0.0,0.0,0.0,0.0,0.0,0.0,0.0,0.0,0.0,0.0,0.5,0.0,0.0,0.0,1.0,0.0,0.0,0.0,0.0
foo,profiling.constraint.analysis,PathGenerator,calculateLoopCount,1.2631578,0.0,0.0,6.6842103,0.0,0.0,0.0,0.0,0.0,0.0,0.0,0.0,0.47368422,0.0,0.0,0.0,7.4736843,0.0,0.0,0.0,0.0
foo,profiling.constraint.analysis,PathGenerator,visit,2.4285715,0.0,0.0,1.4285715,0.0,0.0,0.0,0.0,0.0,0.0,0.0,0.0,0.14285715,0.0,0.0,0.0,3.0,0.0,0.71428573,0.0,0.0
foo,profiling.constraint.analysis,PathGenerator,generateAllPaths,3.0,0.0,0.0,1.4,0.0,0.0,0.0,0.2,0.0,1.0,0.0,0.0,0.4,0.0,0.0,0.0,2.8,0.0,0.0,0.0,0.0
foo,profiling.constraint.analysis,PathGenerator,generateAllStrPaths,1.0,0.0,0.0,1.0,0.0,0.0,0.0,0.0,0.0,0.0,0.0,0.0,0.0,0.0,0.0,0.0,2.0,0.0,0.0,0.0,0.0
foo,profiling.constraint.analysis,PathGenerator,countElements,1.6666666,0.0,0.0,0.6666667,0.0,0.0,0.0,0.0,0.0,0.0,0.0,0.0,0.6666667,0.0,0.0,0.0,1.6666666,0.0,0.0,0.0,0.0
foo,profiling.constraint.analysis,PathGenerator,generateAllDistinctPaths,2.5,0.0,0.0,4.25,0.0,0.0,0.0,0.0,0.0,0.0,0.0,0.0,0.25,0.0,0.0,0.0,6.4166665,0.0,0.25,0.0,0.0
foo,profiling.constraint.analysis,PathGenerator,pathToStr,1.5,0.0,0.0,0.0,0.0,0.0,0.0,0.0,0.0,0.0,0.0,0.0,0.5,0.0,0.0,0.0,1.0,0.0,0.0,0.0,0.0
foo,profiling.constraint.analysis,PathGenerator,getIterationPaths,0.75,0.0,0.0,2.75,0.0,0.0,0.0,0.0,0.0,0.0,0.0,0.0,0.25,0.0,0.0,0.0,3.25,0.0,0.0,0.0,0.0
foo,profiling.constraint.ui,CP4SE,analyzeProject,0.0,0.0,0.0,7.025,0.0,0.0,0.0,0.0,0.0,2.2,0.0,0.0,0.0,0.0,0.0,0.0,4.825,0.0,0.0,0.0,0.0
foo,profiling.constraint.ui,CP4SE,main,1.0,0.0,0.0,1.25,0.0,0.0,0.0,0.0,0.0,1.0,0.0,0.0,0.0,0.0,0.0,0.0,1.25,0.0,0.0,0.0,0.0
foo,profiling.constraint.ui,CP4SE,analyzeBenchmark,0.7,0.0,0.0,0.4,0.0,0.0,0.0,0.0,0.0,0.7,0.0,0.0,0.0,0.0,0.0,0.0,0.4,0.0,0.0,0.0,0.0
foo,profiling.constraint.analysis.info,PathMetric,hasElements,0.0,0.0,1.0,0.0,0.0,0.0,0.0,0.0,0.0,0.0,0.0,0.0,0.0,1.0,0.0,0.0,0.0,0.0,0.0,0.0,0.0
foo,profiling.constraint.analysis.info,PathMetric,init,0.0,0.0,0.0,1.5,0.0,0.0,0.0,0.0,0.0,0.0,0.0,0.0,0.0,0.0,0.0,0.0,1.5,0.0,0.0,0.0,0.0
foo,profiling.constraint.analysis.info,PathMetric,init,0.0,0.0,0.0,1.5,0.0,0.0,0.0,0.0,0.0,0.0,0.0,0.0,0.0,0.0,0.0,0.0,1.5,0.0,0.0,0.0,0.0
foo,profiling.constraint.bytecode.instructionhandler,GenericHandler,handle,0.0,0.0,0.0,1.0,0.0,0.0,0.0,0.0,0.0,0.0,0.0,0.0,0.0,0.0,0.0,0.0,1.0,0.0,0.0,0.0,0.0
foo,profiling.constraint.bytecode,CFGBuilder,getIhIndex,2.0,0.0,0.0,0.0,0.0,0.0,0.0,0.33333334,0.6666667,1.0,0.0,0.0,0.0,0.0,0.0,0.0,0.0,0.0,0.0,0.0,0.0
foo,profiling.constraint.bytecode,CFGBuilder,generateCFG,5.75,0.0,0.0,5.25,0.0,0.0,0.0,1.125,0.0,5.9,0.0,0.0,0.0,0.0,0.0,0.475,5.4,0.0,0.65,0.0,0.0
foo,profiling.constraint.bytecode,CFGBuilder,showElementStack,0.0,0.0,0.0,1.5,0.0,0.0,0.0,0.0,0.0,0.0,0.0,0.0,0.0,0.0,0.0,0.0,1.5,0.0,0.0,0.0,0.0
foo,profiling.constraint.bytecode,CFGBuilder,getNextTargetNode,3.6,0.0,0.0,0.0,0.0,0.0,0.0,0.0,0.6,0.0,0.0,0.0,0.6,0.0,0.0,0.0,2.4,0.0,0.0,0.0,0.0
foo,profiling.constraint.bytecode,CFGBuilder,init,1.25,0.0,0.0,0.75,0.0,0.0,0.0,0.0,0.0,0.0,0.0,0.5,0.0,0.75,0.0,0.0,4.0,0.0,0.0,0.0,0.0
foo,profiling.constraint.bytecode.instructionhandler,XCMPHandler,handle,0.0,0.0,0.0,5.25,0.0,0.0,0.0,0.0,0.0,0.0,0.0,0.0,0.0,0.0,0.0,0.0,5.25,0.0,0.0,0.0,0.0
foo,profiling.constraint.bytecode.instructionhandler,GotoHandler,handle,2.0,0.0,0.0,0.0,0.0,0.0,0.0,0.0,0.0,0.0,0.0,0.0,0.0,0.0,0.0,2.0,1.4,0.0,0.0,0.0,0.0
